songID,songName,year,artist,genre
1,Aunt Eggma Blowtorch,1995,Neutral Milk Hotel,Rock
2,Back Against The Wall,2008,Cage The Elephant,Rock
3,Halo,2008,The Pussycat Dolls,Pop
4,The Canals Of Our City,2005,Beirut,Rock
5,Full Circle,2008,Miley Cyrus,Pop
6,Combat Rock,2002,Sleater-kinney,Rock
7,Halo,2008,Beyonce,Pop
8,Go Places,2007,The New Pornographers,Rock
9,I'm Still Breathing,2008,Katy Perry,Pop
10,Harder Better Faster Stronger,2007,Daft Punk,Electronic
11,See You Soon,1999,Coldplay,Rock
12,Poor Jackie,2008,Man Man,Rock
13,Such Great Heights,2003,The Postal Service,Electronic
14,Loverboy,2001,Mariah Carey Featuring Cameo,Pop
15,One Man Show,2008,Jonas Brothers,Pop
16,Pogo,2007,Digitalism,Electronic
17,Rorol,2002,Octopus Project,Rock
18,Get Innocuous! (Soulwax Remix),2007,LCD Soundsystem,Rock
19,Auto-Dub,2006,Skream,Electronic
20,Lemme Get That,2007,Rihanna,RnB
21,That Was Just A Dream,2004,Cut Copy,Electronic
22,Up Up & Away,2009,Kid Cudi,Rap
23,Beautiful_ Dirty_ Rich,2009,Lady GaGa,Pop
24,Swallowed In The Sea,2005,Coldplay,Electronic
25,Seven Nation Army,2003,The White Stripes,Rock
26,Undo,2001,Bjork,Rock
27,Hilarious Movie Of The 90s,2001,Four Tet,Electronic
28,Hail To Whatever You Found In The Sunlight That Surrounds You,2002,Rilo Kiley,Rock
29,Hot N Cold (Manhattan Clique Remix Radio Edit),2008,Katy Perry,Pop
30,Losing Touch,2008,The Killers,Rock
31,The Electric Version,2003,The New Pornographers,Rock
32,Echo Sam,2007,Holy Fuck,Electronic
33,Rhineland (Heartland),2005,Beirut,Rock
34,Nah!,2002,Shania Twain,Country
35,Imma Be,2009,Black Eyed Peas,Rap
36,I Miss You,2007,Miley Cyrus,Pop
37,Australia,2007,Jonas Brothers,Pop
38,I Ran Away,2002,Coldplay,Rock
39,Olympic Airways,2008,Foals,Rock
40,Anonymous,1996,Sleater-kinney,Rock
41,The Ballad of Michael Valentine,2004,The Killers,Rock
42,California One / Youth and Beauty Brigade,2002,The Decemberists,Rock
43,Charmer,2007,Kings Of Leon,Rock
44,Cupid,2007,Amy Winehouse,RnB
45,Sweet Dreams,2008,Bat For Lashes,Pop
46,Be Less Rude,2006,Frightened Rabbit,Rock
47,I Stand Corrected (Album),2007,Vampire Weekend,Rock
48,Night Drive (Acoustic),2005,All American Rejects,Rock
49,Napoleon On The Bellerophon,2007,Beirut,Rock
50,Slip,2008,Deadmau5,Electronic
51,East Northumberland High,2007,Miley Cyrus,Pop
52,Man Who Make You Sick,2004,Man Man,Rock
53,Korg Rhythm Afro,2005,Holy Fuck,Electronic
54,You're The One,1990,Dwight Yoakam,Country
55,Luvstruck,1999,Southside Spinners,Electronic
56,Not Miserable,2010,Frightened Rabbit,Rock
57,Willing To Wait,2005,Rihanna,RnB
58,Us V Them,2007,LCD Soundsystem,Rock
59,They Might Follow You,2007,Tiny Vipers,Pop
60,A Forest,2008,Bat For Lashes,Rock
61,Monkey Man,2007,Amy Winehouse,Pop
62,Star Bodies,2005,The New Pornographers,Rock
63,Funeral Song,2002,Sleater-kinney,Rock
64,Last Day Of Our Love,2008,the bird and the bee,Rock
65,Stronger,2007,Kanye West,Rap
66,Heavy Water,2008,Foals,Rock
67,Love,2007,Simian Mobile Disco,Electronic
68,Bankrupt On Selling,1997,Modest Mouse,Rock
69,Stay Lit,2010,Holy Fuck,Electronic
70,Don't Leave Me,2001,The All-American Rejects,Rock
71,The Loneliness And The Scream,2010,Frightened Rabbit,Rock
72,Teeth,2009,Lady GaGa,Pop
73,Freakum Dress,2006,Beyonce,RnB
74,The Wind Blows,2008,The All-American Rejects,Pop
75,We Belong Together,2005,Mariah Carey,Pop
76,Magic,2008,The Pussycat Dolls,Pop
77,Enter Sandman,1991,Metallica,Rock
78,My Night With the Prostitute From Marseille,2007,Beirut,Folk
79,Love In 2 Parts,2000,Erin McKeown,Folk
80,Tim McGraw,2006,Taylor Swift,Country
81,Life In Technicolor,2008,Coldplay,Rock
82,Dreamlover,1993,Mariah Carey,RnB
83,Coldest Winter,2008,Kanye West,Rap
84,Latin America,2010,Holy Fuck,Electronic
85,Wet Blanket,2003,Metric,Rock
86,Yawns,2006,Frightened Rabbit,Rock
87,Guyamas Sonora,2007,Beirut,Folk
88,Crying At The Aquarium,2002,Octopus Project,Rock
89,Electric Bloom,2008,Foals,Rock
90,Witch,2009,the bird and the bee,Rock
91,Let's Take A Ride,2002,Justin Timberlake,Pop
92,One And Only,2005,Mariah Carey / Twista,RnB
93,Clocks,2002,Coldplay,Rock
94,Start All Over,2007,Miley Cyrus,Pop
95,Basic Space,2009,The xx,Rock
96,a joy,2005,Four Tet,Electronic
97,My Happy Ending,2004,Avril Lavigne,Pop
98,Leslie Anne Levine,2002,The Decemberists,Rock
99,A Million Miles Away,2006,Rihanna,RnB
100,Learn To Fly,1999,Foo Fighters,Rock
101,The Invisible Man,1985,Michael Cretu,Electronic
102,Melt!,2008,Flying Lotus,Electronic
103,For The Record,2008,Mariah Carey,RnB
104,Banana Ghost,2006,Man Man,Rock
105,The Mary Martin Show,2000,The New Pornographers,Rock
106,Help Yourself,2003,Amy Winehouse,RnB
107,Cold Desert,2008,Kings Of Leon,Rock
108,Waking Up In Vegas (Calvin Harris Remix Edit),2009,Katy Perry,Pop
109,Sour Cherry,2008,The Kills,Rock
110,Mia,2007,Emmy The Great,Folk
111,Pet Monster Shotglass,2006,Flying Lotus,Electronic
112,C'mon C'mon,2002,Sheryl Crow,Rock
113,Hustler,2006,Simian Mobile Disco,Electronic
114,One Time,2009,Justin Bieber,Pop
115,My Stuff,1996,Sleater-kinney,Rock
116,Blank Expression,2006,Lily Allen,Pop
117,Slow Graffiti,1998,Belle and Sebastian,Pop
118,Go Ahead,2001,Rilo Kiley,Rock
119,Grow Up and Blow Away,2001,Metric,Rock
120,Arcade Robot,2007,Boys Noize,Electronic
121,Runaway Love,2010,Justin Bieber,Pop
122,Neon Knights,2006,MSTRKRFT,Rock
123,Music Now,2006,Frightened Rabbit,Rock
124,Fast As I Can,2000,Erin McKeown,Folk
125,1.36,2002,Coldplay,Rock
126,(You Drive Me) Crazy (The Stop Remix!),1999,Britney Spears,Pop
127,So Long,2002,Rilo Kiley,Rock
128,Deny Selected,2007,Boys Noize,Electronic
129,My Slumbering Heart,2002,Rilo Kiley,Rock
130,Paper Gangsta,2008,Lady GaGa,Pop
131,She's Good For You,2005,Deana Carter,Country
132,Breakin' The Law,2000,The New Pornographers,Rock
133,Sleep Alone (909s in DarkTimes Mix),2009,Bat For Lashes,Rock
134,Hold The Ladder,2005,Octopus Project,Rock
135,Breakin',2008,The All-American Rejects,Rock
136,The Glory,2007,Kanye West,Rap
137,Hotel California,1976,Eagles,Rock
138,SexSlaveShip,2008,Flying Lotus,Electronic
139,The Fox,2005,Sleater-kinney,Rock
140,I Need A Dollar,2010,Aloe Blacc,RnB
141,Jenny Was A Friend Of Mine,2004,The Killers,Rock
142,Mirror Song,1991,Live,Rock
143,Tuxedo Hat,2005,Octopus Project,Rock
144,One I Love,2002,Coldplay,Rock
145,Tribulations,2005,LCD Soundsystem,Electronic
146,LDN (Switch Remix),2009,Lily Allen,Pop
147,Crawling (Album Version),2000,Linkin Park,Rock
148,Gimme Sympathy,2009,Metric,Rock
149,Throw Me A Rope,2004,KT Tunstall,Pop
150,Ruby_ Don't Take Your Love To Town,2007,The Killers,Rock
151,Song Against Sex,1996,Neutral Milk Hotel,Rock
152,At The Back Of The Shell,2005,The Kills,Rock
153,Help I'm Alive,2009,Metric,Rock
154,Ghosts 'n' Stuff (Original Instrumental Mix),2009,Deadmau5,Electronic
155,22,2009,Lily Allen,Pop
156,Big Brother,2007,Kanye West,Rap
157,Big Green Tractor,2009,Jason Aldean,Country
158,Strawberry Swing,2008,Coldplay,Rock
159,Falling Through Your Clothes,2005,The New Pornographers,Rock
160,Feel The Love,2008,Cut Copy,Electronic
161,Monster,2009,Lady GaGa,Pop
162,The Ballad Of Butter Beans,2008,Man Man,Rock
163,God Put A Smile Upon Your Face,2002,Coldplay,Rock
164,Wait,2002,The Kills,Rock
165,Marching Theme,1996,Neutral Milk Hotel,Rock
166,Dusty,2003,Kings Of Leon,Rock
167,Myriad Harbour,2007,The New Pornographers,Rock
168,Already Gone,2009,Kelly Clarkson,Pop
169,Illuminati,2002,Fatboy Slim,Electronic
170,One Beat,2002,Sleater-kinney,Rock
171,Down To Earth,2009,Justin Bieber,Pop
172,Stadium Love,2009,Metric,Rock
173,Old Soul Song,2001,Bright Eyes,Rock
174,From Blown Speakers,2003,The New Pornographers,Rock
175,The Last Song,2003,The All-American Rejects,Rock
176,My Rights Versus Yours,2007,The New Pornographers,Rock
177,Top Of The World,2005,The All-American Rejects,Rock
178,Interstate 8,1996,Modest Mouse,Rock
179,Brothers & Sisters,1999,Coldplay,Rock
180,Kids Of The Future,2007,Jonas Brothers,Pop
181,Hey There Delilah,2005,Plain White T's,Rock
182,North Of the Yukon,1997,Klaus Schulze,Electronic
183,Kicking And Screaming,2009,Miley Cyrus,Pop
184,One Of The Boys,2008,Katy Perry,Pop
185,Yes,2003,Beyonce,RnB
186,Get Me Bodied,2006,Beyonce,RnB
187,Your Touch,2006,The Black Keys,Rock
188,A Better Son/Daughter,2002,Rilo Kiley,Rock
189,Such A Rush,1998,Coldplay,Rock
190,Not Fair (Clean Radio Edit),2009,Lily Allen,Pop
191,All The Things That Go To Make Heaven And Earth,2007,The New Pornographers,Rock
192,Far Away (Album Version),2006,Nickelback,Rock
193,Everybody,2007,Britney Spears,Pop
194,Satellite Mind,2009,Metric,Rock
195,Hitched,2003,The Kills,Rock
196,Jailbird,2009,M Ward,Rock
197,(I Got That) Boom Boom,2003,Britney Spears featuring Ying Yang Twins,Pop
198,Sao Paulo,2006,Flying Lotus,Electronic
199,La Llorona,2009,Beirut,Rock
200,Sail On,1993,The Mountain Goats,Rock
201,New York_ I Love You But You're Bringing Me Down,2007,LCD Soundsystem,Electronic
202,Hark! The Herald Angels Sing/Gloria (In Excelsis Deo),2006,Mariah Carey,RnB
203,Pull A U,2003,The Kills,Rock
204,U Smile,2010,Justin Bieber,Pop
205,Uncle Jonny,2006,The Killers,Rock
206,A Sunday Smile,2007,Beirut,Folk
207,Now My Feet Won't Touch The Ground,2008,Coldplay,Rock
208,Beginners Falafel,2008,Flying Lotus,Electronic
209,Goodnight And Goodbye,2007,Jonas Brothers,Pop
210,Never Ending Math Equation,1998,Modest Mouse,Rock
211,Games,2007,Jonas Brothers,Pop
212,Does He Love You? (Album Version),2004,Rilo Kiley,Rock
213,Camaro,2007,Kings Of Leon,Rock
214,Big Big Love (Fig .2),2008,Foals,Rock
215,Why Do I Keep Counting?,2006,The Killers,Rock
216,Unforgettable Season,2008,Cut Copy,Electronic
217,One More Sad Song,2001,The All-American Rejects,Rock
218,Drunk and Hot Girls,2007,Kanye West / Mos Def,Rap
219,All The Old Showstoppers,2007,The New Pornographers,Rock
220,Testament To Youth In Verse,2003,The New Pornographers,Rock
221,Livin' On A Prayer,1986,Bon Jovi,Rock
222,She's Good For Business,2006,MSTRKRFT,Rock
223,When Your Eyes Say It,2000,Britney Spears,Pop
224,Vanilla Twilight,2009,Owl City,Pop
225,Choppers,2007,Holy Fuck,Electronic
226,Tron,2008,Foals,Rock
227,All The Pretty Faces,2006,The Killers,Rock
228,Love Me,2009,Justin Bieber,Pop
229,Love And War (11/11/46) (Album Version),2004,Rilo Kiley,Rock
230,Kut-Off,2006,Skream,Electronic
231,Leave The Bourbon On The Shelf,2007,The Killers,Rock
232,Tuesday Moon,1993,Neutral Milk Hotel,Rock
233,Bontempi Latin,2005,Holy Fuck,Electronic
234,Damn Girl,2006,Justin Timberlake;Justin Timberlake featuring will.i.am,Rock
235,Comet Course,2008,Flying Lotus,Electronic
236,Kiss With A Fist,2009,Florence + The Machine,Pop
237,Ballad Of A Comeback Kid,2003,The New Pornographers,Rock
238,Loose Translation,2003,The New Pornographers,Rock
239,The Twist,2008,Frightened Rabbit,Rock
240,Twilight Galaxy,2009,Metric,Rock
241,Everyone's At It,2009,Lily Allen,Pop
242,Billy Liar,2003,The Decemberists,Rock
243,What It's Like To Be Me,2001,Britney Spears,Pop
244,In The Mirror,2005,Nada Surf,Rock
245,Paint's Peeling,2002,Rilo Kiley,Rock
246,In The Mausoleum,2007,Beirut,Folk
247,Elephant Gun,2006,Beirut,Rock
248,That's Where You Take Me,2001,Britney Spears,Pop
249,Marshall Examines His Carcass,2002,Octopus Project,Rock
250,These Four Walls,2008,Miley Cyrus,Pop
251,Love The Way You Love Me,2008,The Pussycat Dolls,Pop
252,Lifespan Of A Fly,2009,the bird and the bee,Pop
253,Sound Of Silver (c2 rmx rev.3),2007,LCD Soundsystem,Rock
254,Execution Day,2000,The New Pornographers,Rock
255,You've Passed,1996,Neutral Milk Hotel,Rock
256,Why Worry,2003,The All-American Rejects,Rock
257,I Hate The Way You Love,2005,The Kills,Rock
258,If It's Lovin' That You Want,2005,Rihanna,RnB
259,Love Is A Losing Game,2006,Amy Winehouse,RnB
260,Te Amo,2009,Rihanna,Pop
261,I Bloom Blaum,2002,Coldplay,Rock
262,Life In Technicolor ii,2008,Coldplay,Rock
263,That Should Be Me,2010,Justin Bieber,Pop
264,Adventures In Solitude,2007,The New Pornographers,Rock
265,Zebra,2004,Man Man,Rock
266,Velvet Snow,2004,Kings Of Leon,Rock
267,Elevator,2008,The Pussycat Dolls,Pop
268,A Dream,2004,Cut Copy,Electronic
269,I'm Not Calling You A Liar,2009,Florence + The Machine,Rock
270,Around The World (Radio Edit),1996,Daft Punk,Electronic
271,Doperide,2001,Saliva,Rock
272,La Petite Mort,2000,Erin McKeown,Folk
273,Damn Girl,2008,The All-American Rejects,Rock
274,Drive Away,2003,The All-American Rejects,Rock
275,My Immortal (Album Version),2003,Evanescence,Rock
276,Three Peaches,1996,Neutral Milk Hotel,Rock
277,It's Only Divine Right,2003,The New Pornographers,Rock
278,If I Had You,2009,Adam Lambert,Pop
279,Hold Time,2009,M Ward,Rock
280,Bling (Confession Of A King),2006,The Killers,Rock
281,Still In Love With You,2007,Jonas Brothers,Pop
282,Final Goodbye,2006,Rihanna,RnB
283,A Whisper,2002,Coldplay,Rock
284,Daft Punk Is Playing At My House,2005,LCD Soundsystem,Electronic
285,The Absence Of God (Album Version),2004,Rilo Kiley,Rock
286,Who Let You Go?,2007,The Killers,Rock
287,Easy Love,2006,MSTRKRFT,Rock
288,Common Denominator,2009,Justin Bieber,Pop
289,You're A Cad,2009,the bird and the bee,Pop
290,Homecoming,2007,Kanye West,Pop
291,Train Underwater,2003,Bright Eyes,Rock
292,Momma's Boy,2007,Chromeo,Electronic
293,Exit Counselor,2005,Octopus Project,Rock
294,Way Out of Here [Album Version],2007,Porcupine Tree,Rock
295,Superstition,2003,The Kills,Rock
296,Video Girl,2008,Jonas Brothers,Pop
297,Hurly / Burly,2008,Man Man,Rock
298,All Of The Champs That Ever Lived,2005,Octopus Project,Rock
299,Gardenhead / Leave Me Alone,1992,Neutral Milk Hotel,Rock
300,Ego,2008,Beyonce,RnB
301,Manhattan,2008,Kings Of Leon,Rock
302,The Last Time,2005,Rihanna,RnB
303,Orbit Brazil,2006,Flying Lotus,Electronic
304,Peaceful Valley,2005,Ryan Adams & The Cardinals,Rock
305,The Penalty,2007,Beirut,Folk
306,The Battery,2007,Boys Noize,Electronic
307,What I've Done (Album Version),2007,Linkin Park,Rock
308,Three Or Four,2005,The New Pornographers,Rock
309,Poke,2008,Frightened Rabbit,Rock
310,Love Story,2008,Mariah Carey,RnB
311,The Flying Club Cup,2007,Beirut,Folk
312,Baby,2009,the bird and the bee,Pop
313,Bigger Stronger,1998,Coldplay,Rock
314,Skin Tension,2006,Man Man,Rock
315,Subtle Invitation,2002,Mariah Carey,RnB
316,Breakdown,2005,Jack Johnson,Folk
317,Everything Is,1995,Neutral Milk Hotel,Rock
318,Up,2010,Justin Bieber,Pop
319,Someone Is Waiting,1992,Neutral Milk Hotel,Rock
320,The Shrew,2009,Beirut,Folk
321,What's In The Middle,2009,the bird and the bee,Rock
322,Sic Of Elephants,2007,Andrew Bird,Rock
323,Disco Heaven,2008,Lady GaGa,Pop
324,What If,2005,Coldplay,Rock
325,Living In Colour,2010,Frightened Rabbit,Rock
326,Poster Of A Girl,2005,Metric,Rock
327,Help Is Round The Corner,2000,Coldplay,Rock
328,Eyelash Wishes,2005,The All-American Rejects,Rock
329,The Greys,2006,Frightened Rabbit,Rock
330,The Time Of Our Lives,2009,Miley Cyrus,Pop
331,Still On My Brain,2002,Justin Timberlake,RnB
332,How You Remind Me,2000,Nickelback,Rock
333,The Spirit Of Giving,2007,The New Pornographers,Rock
334,Too Far Gone,2001,The All-American Rejects,Rock
335,The Real Slim Shady,2000,Eminem,Pop
336,Superfresh,2007,Boys Noize,Electronic
337,Expectations,1996,Belle and Sebastian,Pop
338,Oh!,2007,Boys Noize,Electronic
339,Mathletics,2007,Foals,Rock
340,Untitled #7,2006,Flying Lotus,Electronic
341,To Wild Homes,2000,The New Pornographers,Rock
342,Do You Remember,2005,Jack Johnson,Rock
343,On Repeat,2005,LCD Soundsystem,Electronic
344,Korock,2005,Holy Fuck,Electronic
345,Everywhere I Go,2008,Hollywood Undead,Rock
346,Check On It,2005,Beyonce feat. Slim Thug,Pop
347,Everything Is Alright,2001,Four Tet,Electronic
348,GNG BNG,2008,Flying Lotus,Electronic
349,Simple,2007,Simian Mobile Disco,Electronic
350,Psychotic Girl,2004,The Black Keys,Rock
351,Mister Jung Stuffed,2008,Man Man,Rock
352,Tranquilize,2008,The Killers / Lou Reed,Rock
353,Good Arms vs Bad Arms,2008,Frightened Rabbit,Rock
354,Brainfeeder,2008,Flying Lotus,Electronic
355,The Pulse,2007,Digitalism,Electronic
356,The Fake Headlines,2000,The New Pornographers,Rock
357,Back To Me,2008,The All-American Rejects,Rock
358,Let´s Buy Happiness,2008,Boys Noize,Electronic
359,Centre For Holy Wars,2000,The New Pornographers,Rock
360,Sparks,2000,Coldplay,Rock
361,Kryptonite,1997,3 Doors Down,Rock
362,Lost,2007,Katy Perry,Pop
363,Hovering,2008,Miley Cyrus,Pop
364,Tonebank Computer,2005,Holy Fuck,Electronic
365,M79 (Album),2007,Vampire Weekend,Rock
366,Time Stands Still,2004,Cut Copy,Electronic
367,Holy Roller Novocaine,2003,Kings Of Leon,Rock
368,Bulletproof,2009,La Roux,Pop
369,Werewolf (on the hood of yer heartbreak),2004,Man Man,Rock
370,Top Drawer,2008,Man Man,Rock
371,Can't Make You Love Me,2000,Britney Spears,Pop
372,Let Me,2005,Rihanna,RnB
373,Moonlight,2007,Digitalism,Electronic
374,Casio Bossa Nova,2005,Holy Fuck,Electronic
375,Tortured Soul,2006,Skream,Electronic
376,Just Missed The Train,2003,Kelly Clarkson,Pop
377,Sympathy,2002,Sleater-kinney,Rock
378,The New Workout Plan,2004,Kanye West,Rap
379,Spectacular Views,2002,Rilo Kiley,Rock
380,Twin Cinema,2005,The New Pornographers,Rock
381,The Slow Descent Into Alcoholism,2000,The New Pornographers,Rock
382,Inseparable,2009,Mariah Carey,RnB
383,Fag Hag,2009,Lily Allen,Pop
384,Red Socks Pugie,2008,Foals,Rock
385,Blackbirds,2000,Erin McKeown,Folk
386,Warning Sign,2002,Coldplay,Rock
387,Champion,2007,Kanye West,Rap
388,The Akara,2009,Beirut,Rock
389,High Speed,1999,Coldplay,Pop
390,Horchata,2009,Vampire Weekend,Rock
391,The Maestro,1992,Beastie Boys,Rap
392,Lucky,2010,Holy Fuck,Electronic
393,Again Again,2008,Lady GaGa,Pop
394,Bad Actors,2006,Flying Lotus,Electronic
395,Fire Bomb,2009,Rihanna,RnB
396,In My Place,2001,Coldplay,Rock
397,I Heard Love Is Blind,2003,Amy Winehouse,Pop
398,Dirty Little Secret,2005,The All-American Rejects,Rock
399,Call Me Up,2007,Chromeo,Electronic
400,The Concubine,2009,Beirut,Folk
401,Bones,2006,The Killers,Rock
402,White Sky,2010,Vampire Weekend,Rock
403,The Goldrush,2009,Coldplay,Rock
404,Rabbit Habits,2008,Man Man,Rock
405,Road To Joy,2003,Bright Eyes,Rock
406,Two Headed Boy,2009,Neutral Milk Hotel,Rock
407,Forks And Knives (La Fête),2007,Beirut,Folk
408,I'll Be Lovin' U Long Time,2008,Mariah Carey,Pop
409,Monkey 23,2003,The Kills,Rock
410,Goodnight Bad Morning,2008,The Kills,Rock
411,Seal Jubilee,2006,Bat For Lashes,Rock
412,There Goes My Baby,2010,Usher,RnB
413,What You Know,2010,Two Door Cinema Club,Rock
414,Get Innocuous!,2007,LCD Soundsystem,Electronic
415,Glue Of The World,2001,Four Tet,Electronic
416,Someone Great,2007,LCD Soundsystem,Electronic
417,Bring Me To Life,2003,Evanescence,Rock
418,Happy Endings,2003,The All-American Rejects,Rock
419,The Last Song,2009,Rihanna,RnB
420,So Says I,2003,The Shins,Rock
421,Collect Call,2009,Metric,Rock
422,Postcards From Italy,2005,Beirut,Rock
423,Easy Eats Or Dirty Doctor Galapagos,2008,Man Man,Rock
424,Colourful,2006,Skream,Electronic
425,Year 3000,2006,Jonas Brothers,Pop
426,Float On,2003,Modest Mouse,Rock
427,I Kissed A Girl,2008,Katy Perry,Pop
428,Music Of The Sun,2005,Rihanna,RnB
429,Haunted,2007,Rihanna,RnB
430,Thrills,2005,LCD Soundsystem,Electronic
431,The Wrestle,2010,Frightened Rabbit,Rock
432,Nuthinduan Waltz,1997,Andrew Bird,Folk
433,Where The White Boys Dance,2006,The Killers,Rock
434,Square 9,2006,Frightened Rabbit,Rock
435,Clock,2007,Simian Mobile Disco,Electronic
436,Friday Night,2006,Lily Allen,Pop
437,October Song,2003,Amy Winehouse,RnB
438,Stay Where You Are,1996,Sleater-kinney,Rock
439,Secrets,2009,OneRepublic,Rock
440,These Are The Fables,2005,The New Pornographers,Rock
441,To Know Him Is To Love Him,2007,Amy Winehouse,RnB
442,Addicted,2006,Amy Winehouse,RnB
443,The Bachelor and the Bride,2003,The Decemberists,Rock
444,Fountains And Tramways,2007,Beirut,Rock
445,Daddy,2003,Beyonce,RnB
446,Church,2008,T-Pain featuring Teddy Verseti,Rap
447,sun drums and soil,2005,Four Tet,Electronic
448,Représente,1999,Alliance Ethnik,Rap
449,Chump Change,2003,The New Pornographers,Rock
450,Monster (Album Version),2009,Skillet,Rock
451,Riot,2008,Flying Lotus,Electronic
452,Hummer,2007,Foals,Rock
453,Sam's Town,2006,The Killers,Rock
454,Trunk,2007,Kings Of Leon,Rock
455,My Name Is,1999,Eminem,Rap
456,Camel,2008,Flying Lotus,Electronic
457,Him,2009,Lily Allen,Pop
458,We Are The Sleepyheads,2006,Belle & Sebastian,Rock
459,Man/Bag Of Sand,2010,Frightened Rabbit,Rock
460,Fisher Of Men,2009,M Ward,Rock
461,Lost!,2008,Coldplay,Rock
462,Rabbit Heart (Raise It Up),2009,Florence + The Machine,Rock
463,Again & Again,2006,the bird and the bee,Rock
464,Glamorous Indie Rock and Roll,2007,The Killers,Rock
465,Spell,2004,Nick Cave & The Bad Seeds,Rock
466,Caring Is Creepy,2001,The Shins,Rock
467,I Will Follow You into the Dark (Album Version),2005,Death Cab for Cutie,Rock
468,Proof,2005,Coldplay,Rock
469,Brandenburg,2006,Beirut,Rock
470,Cape Cod Kwassa Kwassa (Album),2007,Vampire Weekend,Rock
471,Cat Claw,2002,The Kills,Rock
472,Anything New,2007,Digitalism,Electronic
473,Hailie's Song,2002,Eminem,Rap
474,I Want You,2008,Kings Of Leon,Rock
475,For Beginners,2009,M Ward,Rock
476,Hotdog,2007,Simian Mobile Disco,Electronic
477,Entertain,2005,Sleater-kinney,Rock
478,The Runner,2007,Kings Of Leon,Rock
479,The Bones Of An Idol,2005,The New Pornographers,Rock
480,G4L,2009,Rihanna,RnB
481,Waterfall,1978,Triumvirat,Rock
482,Welcome To Heartbreak,2008,Kanye West / Kid Cudi,Rap
483,Hold On,2007,Jonas Brothers,Pop
484,1983,2006,Flying Lotus,Electronic
485,Red Right Ankle,2003,The Decemberists,Rock
486,Happy Alone,2003,Kings Of Leon,Rock
487,Burnin' Up,2008,Jonas Brothers,Pop
488,The World Turned Upside Down,2005,Coldplay,Rock
489,In Person,2008,The Pussycat Dolls,Pop
490,Whalebones,2008,Man Man,Rock
491,Music Is Happiness,2005,Octopus Project,Rock
492,Saturdays,2004,Cut Copy,Electronic
493,Only Superstition,1999,Coldplay,Rock
494,Sweet Talk,2007,The Killers,Rock
495,Silva & Grimes,2010,Holy Fuck,Electronic
496,Milkshake,2007,Holy Fuck,Electronic
497,Royal Gregory,2007,Holy Fuck,Electronic
498,Creep (Explicit),1993,Radiohead,Rock
499,A Little Bit Longer,2008,Jonas Brothers,Pop
500,New Divide (Album Version),2009,Linkin Park,Rock
501,& Down,2007,Boys Noize,Electronic
502,Things I Don't Understand,2005,Coldplay,Rock
503,In The End (Album Version),2000,Linkin Park,Rock
504,Genius,2003,Kings Of Leon,Rock
505,Hubcap,1996,Sleater-kinney,Rock
506,The Driveway,2008,Miley Cyrus,Pop
507,Yellow,2000,Coldplay,Rock
508,Rhode Island Is Famous For You,2007,Erin McKeown,Folk
509,A Crippling Blow,2008,The Killers,Rock
510,In One Ear,2008,Cage The Elephant,Rock
511,Roses,2005,Kanye West,Rap
512,Shake A Tail Feather,2005,The Cheetah Girls,Pop
513,Sayonara-Nostalgia,2005,Base Ball Bear,Rock
514,Where You'll Find Me Now,1996,Neutral Milk Hotel,Rock
515,Love Is A Deserter,2005,The Kills,Rock
516,Believe,2008,The All-American Rejects,Rock
517,Shelf,2008,Jonas Brothers,Pop
518,Paradise City,1987,Guns N' Roses,Rock
519,Parisian Goldfish,2008,Flying Lotus,Electronic
520,Swing Life Away,2003,Rise Against,Rock
521,I Want I Want,2007,Digitalism,Electronic
522,Porno Disaster,2002,Octopus Project,Rock
523,Everybody's Changing,2007,Lily Allen,Pop
524,The Bunker,2006,Beirut,Rock
525,Losing My Edge,2000,LCD Soundsystem,Electronic
526,Stilettos,2010,Holy Fuck,Electronic
527,Responsible Stu,2005,Octopus Project,Rock
528,When You Look Me In The Eyes,2007,Jonas Brothers,Pop
529,Cemeteries Of London,2008,Coldplay,Rock
530,Something About Us,2001,Daft Punk,Electronic
531,A Perfect Sonnet,1999,Bright Eyes,Rock
532,Meteor,2009,the bird and the bee,Pop
533,Song for Myla Goldberg,2003,The Decemberists,Rock
534,All These Things That I've Done,2004,The Killers,Rock
535,The List,2003,Metric,Rock
536,Things,2010,Frightened Rabbit,Rock
537,Better To Reign In Hell,2003,Cradle Of Filth,Rock
538,Breathe . Something/Stellar STar,2008,Flying Lotus,Electronic
539,Three Hopeful Thoughts,2002,Rilo Kiley,Rock
540,If It Means A Lot To You,2009,A Day To Remember,Rock
541,Girls Just Wanna Have Fun,2008,Miley Cyrus,Pop
542,The New Face Of Zero And One,2003,The New Pornographers,Rock
543,Girl With a Problem,1990,The Northern Pikes,Rock
544,A Rush Of Blood To The Head,2002,Coldplay,Rock
545,Golden Diva,2008,Flying Lotus,Electronic
546,Sorry,2008,Jonas Brothers,Pop
547,Cousins,2009,Vampire Weekend,Rock
548,Stagger,2006,Skream,Electronic
549,Epistemology,2009,M Ward,Rock
550,The Pulse,2007,Holy Fuck,Electronic
551,The Twist,2001,Metric,Rock
552,Boys Will Be Boys,2005,The Ordinary Boys,Rock
553,Out There On The Ice,2008,Cut Copy,Electronic
554,Be With You,2003,Beyonce,RnB
555,Promise Me,1990,Beverley Craven,Pop
556,Obsessed,2009,Miley Cyrus,Pop
557,Diamond Dave,2009,the bird and the bee,Pop
558,The Middle,2001,Jimmy Eat World,Rock
559,Tape Song,2008,The Kills,Rock
560,The Gymnast_ High Above the Ground,2003,The Decemberists,Rock
561,Miss Teen Wordpower,2003,The New Pornographers,Rock
562,Alejandro,2009,Lady GaGa,Pop
563,Chinese,2009,Lily Allen,Pop
564,Amsterdam,2002,Coldplay,Rock
565,Goodbye,2008,Miley Cyrus,Pop
566,Valerie,2007,Amy Winehouse,Pop
567,Harpoon Fever (Queequeg's Playhouse),2008,Man Man,Rock
568,Aló,2003,Plastilina Mosh,Rock
569,Opening Up (Ce Soir On Danse),2007,Chromeo,Electronic
570,Boys Boys Boys,2008,Lady GaGa,Rap
571,Selfish Girl,2006,Rihanna,RnB
572,Know You Now,2003,Amy Winehouse,RnB
573,Twenty Three,2001,Four Tet,Electronic
574,Fancy Footwork,2007,Chromeo,Electronic
575,Hide & Seek,2009,Imogen Heap,Pop
576,The Bleeding Heart Show,2005,The New Pornographers,Rock
577,Right Here,2007,Miley Cyrus,Pop
578,Celebration,2005,Kanye West,Rap
579,Sleepyhead,2008,Passion Pit,Rock
580,P.I.G.S.,2010,Holy Fuck,Electronic
581,Show You How,2004,The Killers,Rock
582,This Is Your Life,2008,The Killers,Rock
583,Sing Me Spanish Techno,2005,The New Pornographers,Rock
584,Bubble Toes,2000,Jack Johnson,Rock
585,Outta Sight,2007,Chromeo,Electronic
586,15 Step,2007,Radiohead,Rock
587,Politik,2002,Coldplay,Rock
588,Live It Out,2005,Metric,Rock
589,Killing In The Name,1991,Rage Against The Machine,Rock
590,Breakout,2008,Miley Cyrus,Pop
591,That's How You Like It,2003,Beyonce feat. Jay-Z,RnB
592,Taste Test,1996,Sleater-kinney,Rock
593,Deja Vu,2006,Beyonce feat. Jay-Z,RnB
594,My Love,2009,the bird and the bee,Rock
595,Smothered (Album Version),2003,Spineshank,Rock
596,Shiver,2000,Coldplay,Rock
597,Pree-Sisters Swallowing a Donkey's Eye,1996,Neutral Milk Hotel,Rock
598,Bigger,2009,Justin Bieber,Pop
599,I Wanna Be Your Joey Ramone,1996,Sleater-kinney,Rock
600,Revelry,2008,Kings Of Leon,Rock
601,The Calculation (Album Version),2009,Regina Spektor,Rock
602,Lacrimosa,2002,Regina Spektor,Rock
603,Birthday,2008,the bird and the bee,Pop
604,Scared Of Lonely,2008,Beyonce,RnB
605,Taking Me Home,1996,Sleater-kinney,Rock
606,Six Feet Up,2005,Octopus Project,Rock
607,Stuck In The Moment,2010,Justin Bieber,Pop
608,FootShooter,2010,Frightened Rabbit,Rock
609,You Sent Me Flying / Cherry,2003,Amy Winehouse,RnB
610,Exitlude,2006,The Killers,Rock
611,A Dustland Fairytale,2008,The Killers,Rock
612,Read My Mind,2006,The Killers,Rock
613,White Shadows,2005,Coldplay,Rock
614,As I Am,2007,Miley Cyrus,Pop
615,Daylight,2002,Coldplay,Rock
616,Jupiter Approach,2007,Digitalism,Electronic
617,Skinny Love,2007,Bon Iver,Rock
618,Si Yo Fuera Un Chico,2009,Beyonce,RnB
619,The Impossible,2009,Mariah Carey,RnB
620,ZDRLT (Rewind),2008,Digitalism,Electronic
621,Prenzlauerberg,2006,Beirut,Rock
622,I'm Sleeping In A Submarine,2003,Arcade Fire,Rock
623,What They Found,2002,Octopus Project,Rock
624,Stupid In Love,2009,Rihanna,RnB
625,Thanx 4 Nothin',2008,Mariah Carey,RnB
626,Birds and the Bees,2007,the bird and the bee,Rock
627,Nantes,2007,Beirut,Folk
628,Home,2009,Edward Sharpe & The Magnetic Zeros,Rock
629,Lots More Stairs,2005,Octopus Project,Rock
630,Marry Me,2009,Train,Pop
631,Drunken Lullabies,2002,Flogging Molly,Rock
632,Don't Panic,1999,Coldplay,Electronic
633,My Boy Builds Coffins,2009,Florence + The Machine,Rock
634,Bratislava,2005,Beirut,Rock
635,Make Love To Your Mind,1975,Bill Withers,RnB
636,Tone Bank Jungle,2005,Holy Fuck,Electronic
637,Invalid,2002,Tub Ring,Rock
638,Never Let You Go,2010,Justin Bieber,Pop
639,One Kiss From You,2000,Britney Spears,Pop
640,Motion Sickness,2001,Bright Eyes,Rock
641,Savior,2008,Rise Against,Rock
642,Speed Of Sound,2005,Coldplay,Rock
643,The Climb,2009,Miley Cyrus,Pop
644,Challengers,2007,The New Pornographers,Rock
645,Drive,1999,Incubus,Rock
646,Opposite Of Adults,2009,Chiddy Bang,Rap
647,Kitty Kat,2006,Beyonce,RnB
648,Gold Guns Girls,2009,Metric,Rock
649,St. Apollonia,2007,Beirut,Folk
650,North American Scum,2007,LCD Soundsystem,Electronic
651,Toxic,2003,Britney Spears,Pop
652,July Jones,2003,The New Pornographers,Rock
653,The Laws Have Changed,2003,The New Pornographers,Rock
654,Unguided,2007,The New Pornographers,Rock
655,EMOTIONS,1991,Mariah Carey,RnB
656,Late,2005,Kanye West,Rap
657,Kissy Kissy,2003,The Kills,Rock
658,Hey Mama,2005,Kanye West,Rap
659,Can't Take It,2005,The All-American Rejects,Rock
660,Cliquot,2007,Beirut,Folk
661,Your Star,2003,The All-American Rejects,Rock
662,Front Row,2009,Metric,Rock
663,Tighten Up,2010,The Black Keys,Electronic
664,Jackie,2000,The New Pornographers,Rock
665,I'm Done,2008,The Pussycat Dolls,Pop
666,Malaria Codes,2005,Octopus Project,Rock
667,Lava Lava,2007,Boys Noize,Electronic
668,Set You Free,2008,Frightened Rabbit,Rock
669,The Good That Won't Come Out,2002,Rilo Kiley,Rock
670,I GOT THIS DOWN,2007,Simian Mobile Disco,Electronic
671,The Way Things Go,2002,Octopus Project,Rock
672,Visions,2008,Cut Copy,Electronic
673,The Big Gundown,2009,The Prodigy,Electronic
674,Home Zone,2007,Digitalism,Electronic
675,Call The Doctor,1996,Sleater-kinney,Rock
676,Mount Wroclai (Idle Days),2005,Beirut,Rock
677,I Can't Stay,2008,The Killers,Rock
678,The Gulag Orkestar,2006,Beirut,Rock
679,Talk Is Cheap,2009,Miley Cyrus,Pop
680,Ray Gun,2009,the bird and the bee,Pop
681,Bruise,2005,Octopus Project,Rock
682,Aerodynamic (Daft Punk Remix),2003,Daft Punk,Electronic
683,Testament (feat. Gonja Sufi),2008,Flying Lotus,Electronic
684,Oh!,2002,Sleater-kinney,Rock
685,Love Letter To Japan,2009,the bird and the bee,Rock
686,Mystery Hours,2000,The New Pornographers,Rock
687,Hello,2006,Flying Lotus,Electronic
688,A Message,2005,Coldplay,Rock
689,Party In The U.S.A.,2009,Miley Cyrus,Pop
690,Video Killed The Radio Star,1979,The Buggles,Rock
691,Mary Ann,2001,Regina Spektor,Rock
692,Drops Of Jupiter,2001,Train,Rock
693,The Wizard,2006,Bat For Lashes,Rock
694,Stars Of Leo,2009,M Ward,Rock
695,Too Little Too Late,2005,Metric,Rock
696,Gift From Virgo,2003,Beyonce,RnB
697,One Less Lonely Girl,2009,Justin Bieber,Pop
698,Use Somebody,2008,Kings Of Leon,Rock
699,Cherbourg,2007,Beirut,Folk
700,The French Open,2007,Foals,Rock
701,16 Candles,1988,The Crests,Rock
702,Everything Will Be Alright,2004,The Killers,Rock
703,Sunshine,2008,The All-American Rejects,Rock
704,Una Confusion,2006,LU,Pop
705,King Of The Rodeo,2004,Kings Of Leon,Rock
706,Without Me,2002,Eminem,Rap
707,Strangers In The Wind,2008,Cut Copy,Electronic
708,Good Things,1996,Sleater-kinney,Rock
709,Carousels,2006,Beirut,Rock
710,Entering White Cecilia,2007,The New Pornographers,Rock
711,Rage!,2004,Chromeo,Electronic
712,Street Justice,2006,MSTRKRFT,Rock
713,Last Day Of Magic,2008,The Kills,Rock
714,I Never (Album Version),2004,Rilo Kiley,Rock
715,Amy Amy Amy / Outro,2003,Amy Winehouse,RnB
716,Time To Pretend,2005,MGMT,Rock
717,Careful Where You Stand,2000,Coldplay,Rock
718,Doin' The Cockroach,1997,Modest Mouse,Rock
719,The World At Large,2004,Modest Mouse,Rock
720,Trani,2003,Kings Of Leon,Rock
721,Milk,2004,Kings Of Leon,Country
722,April 8th,1996,Neutral Milk Hotel,Rock
723,Two Steps_ Twice,2008,Foals,Rock
724,Moon And Moon,2009,Bat For Lashes,Rock
725,Letter From An Occupant,2000,The New Pornographers,Rock
726,Bye Bye,2008,Mariah Carey,Pop
727,Human,2008,The Killers,Rock
728,Graduation Day,2004,Kanye West,Rap
729,Floating In The Forth,2008,Frightened Rabbit,Rock
730,Lovebug,2008,Jonas Brothers,Pop
731,Safari,2007,Holy Fuck,Electronic
732,Use It,2005,The New Pornographers,Rock
733,Some Kind Of Miracle,2003,Kelly Clarkson,Pop
734,Naomi,1996,Neutral Milk Hotel,Rock
735,Mad House,2009,Rihanna,RnB
736,I Gotta Feeling,2009,Black Eyed Peas,Pop
737,'Round Midnight,2004,Amy Winehouse,RnB
738,Speechless,2009,Lady GaGa,Pop
739,Who's Real,2009,Jadakiss / Swizz Beatz / OJ Da Juiceman,Rap
740,Real World,2008,The All-American Rejects,Rock
741,All My Friends,2007,LCD Soundsystem,Rock
742,Aerodynamite,2001,Daft Punk,Electronic
743,The Stars of Track and Field,1996,Belle and Sebastian,Rock
744,Balloons (Single version),2007,Foals,Rock
745,Wake Up Alone,2006,Amy Winehouse,RnB
746,The End Of Medicine,2002,The New Pornographers,Rock
747,Shifty,2006,Flying Lotus,Electronic
748,Joe's Head,2003,Kings Of Leon,Rock
749,Got Me Going Crazy,2008,Jonas Brothers,Pop
750,Hello,2008,Beyonce,RnB
751,Electric Feel,2007,MGMT,Rock
752,The Fear,2008,Lily Allen,Pop
753,Bitter Sweet Symphony,1997,The Verve,Pop
754,The Bat's Mouth,2008,Bat For Lashes,Rock
755,Rememo,2004,Kings Of Leon,Rock
756,Nothing Like You,2010,Frightened Rabbit,Rock
757,Hot N Cold (Innerpartysystem Main),2008,Katy Perry,Pop
758,Streets Of Fire,2005,The New Pornographers,Rock
759,In The Aeroplane Over The Sea,1998,Neutral Milk Hotel,Rock
760,Everlong,1992,Foo Fighters,Rock
761,Cosmic Love,2009,Florence + The Machine,Rock
762,SHT MTN,2010,Holy Fuck,Electronic
763,Lovely Allen,2007,Holy Fuck,Electronic
764,Capturing Moods,2002,Rilo Kiley,Rock
765,All For Swinging You Around,2003,The New Pornographers,Rock
766,The Police And The Private,2005,Metric,Rock
767,Get Trashed,2004,The Killers,Rock
768,Joy Ride,2008,The Killers,Rock
769,ROCKSTAR 101,2009,Rihanna / Slash,Rock
770,Hero,2001,Enrique Iglesias,Pop
771,All I Do Is Win (feat. T-Pain_ Ludacris_ Snoop Dogg & Rick Ross),2010,DJ Khaled,Rap
772,Never Gonna Happen,2009,Lily Allen,Pop
773,Let's Dance,2007,Miley Cyrus,Pop
774,We Are Nowhere and It's Now,2003,Bright Eyes,Rock
775,Say You Will,2008,Kanye West,Rap
776,The Body Says No,2000,The New Pornographers,Rock
777,Kabul Shit,2009,Lily Allen,Pop
778,Take What You Take,2006,Lily Allen,Pop
779,A Great Big Sled,2006,The Killers / Toni Halliday,Rock
780,Television Rules The Nation / Crescendolls,2007,Daft Punk,Electronic
781,Daniel Cowman,2002,Regina Spektor,Rock
782,Black Balloon,2008,The Kills,Rock
783,Just Friends,2006,Amy Winehouse,RnB
784,My List,2006,The Killers,Rock
785,FANTASY,1995,Mariah Carey,RnB
786,Standing O,2009,Mariah Carey,RnB
787,Ragoo,2007,Kings Of Leon,Rock
788,Wake Up America,2008,Miley Cyrus,Pop
789,Trouble,2000,Coldplay,Rock
790,A Beggar On A Beach Of Gold,1995,Mike And The Mechanics,Rock
791,One,1988,Metallica,Rock
792,Favorite Girl,2009,Justin Bieber,Pop
793,I'm Not Waiting,1996,Sleater-kinney,Rock
794,The Jessica Numbers,2005,The New Pornographers,Rock
795,Secret Love,2005,Mariah Carey,RnB
796,Big Trouble,2008,Man Man,Rock
797,The Adjustor,2005,Octopus Project,Rock
798,My Angel Rocks Back And Forth,2003,Four Tet,Electronic
799,Replay,2009,Iyaz,Pop
800,Yes_ I Would,2010,Frightened Rabbit,Rock
801,He Can Only Hold Her,2006,Amy Winehouse,RnB
802,Drunk Kid Catholic,2000,Bright Eyes,Rock
803,Romeo And Juliet,2007,The Killers,Rock
804,Can't Have You,2008,Jonas Brothers,Pop
805,Disco Infiltrator (FK's Infiltrated Vocal),2005,LCD Soundsystem,Rock
806,For You,2000,Coldplay,Pop
807,Watch The Tapes,2007,LCD Soundsystem,Electronic
